<?xml version="1.0" encoding="UTF-8" ?>
<!DOCTYPE mapper
PUBLIC "-//mybatis.org//DTD Mapper 3.0//EN"
"http://mybatis.org/dtd/mybatis-3-mapper.dtd">

<mapper namespace="com.trs.dao.PersonDao">
	<select id="findAll" resultType="com.trs.pojo.Person">
		select * from person
	</select>

	<select id="findByNameAndIntroduceLike" resultType="com.trs.pojo.Person">
		select * from person 
		<where>
			<if test="name != null">
				and name = #{name}
			</if>
			<if test="introduce != null">
				and introduce like "%"#{introduce}"%"
			</if>
		</where>
	</select>
</mapper>
