{"properties": [
  {
    "name": "endpoints.autoconfig.path",
    "type": "java.lang.String",
    "description": "Endpoint URL path."
  },
  {
    "name": "endpoints.beans.path",
    "type": "java.lang.String",
    "description": "Endpoint URL path."
  },
  {
    "name": "endpoints.configprops.keys-to-sanitize",
    "type": "java.lang.String[]",
    "sourceType": "org.springframework.boot.actuate.endpoint.ConfigurationPropertiesReportEndpoint",
    "description": "Keys that should be sanitized. Keys can be simple strings that the property ends with or regex expressions.",
    "defaultValue": [
      "password",
      "secret",
      "key",
      "token",
      ".*credentials.*",
      "vcap_services"
    ]
  },
  {
    "name": "endpoints.configprops.path",
    "type": "java.lang.String",
    "description": "Endpoint URL path."
  },
  {
    "name": "endpoints.dump.path",
    "type": "java.lang.String",
    "description": "Endpoint URL path."
  },
  {
    "name": "endpoints.env.keys-to-sanitize",
    "type": "java.lang.String[]",
    "sourceType": "org.springframework.boot.actuate.endpoint.EnvironmentEndpoint",
    "description": "Keys that should be sanitized. Keys can be simple strings that the property ends with or regex expressions.",
    "defaultValue": [
      "password",
      "secret",
      "key",
      "token",
      ".*credentials.*",
      "vcap_services"
    ]
  },
  {
    "name": "endpoints.hypermedia.enabled",
    "type": "java.lang.Boolean",
    "description": "Enable hypermedia support for endpoints.",
    "defaultValue": false
  },
  {
    "name": "endpoints.info.path",
    "type": "java.lang.String",
    "description": "Endpoint URL path."
  },
  {
    "name": "endpoints.jmx.enabled",
    "type": "java.lang.Boolean",
    "description": "Enable JMX export of all endpoints.",
    "defaultValue": true
  },
  {
    "name": "endpoints.mappings.path",
    "type": "java.lang.String",
    "description": "Endpoint URL path."
  },
  {
    "name": "endpoints.metrics.filter.enabled",
    "type": "java.lang.Boolean",
    "description": "Enable the metrics servlet filter.",
    "defaultValue": true
  },
  {
    "name": "endpoints.trace.path",
    "type": "java.lang.String",
    "description": "Endpoint URL path."
  },
  {
	"name": "endpoints.trace.filter.enabled",
	"type": "java.lang.Boolean",
	"description": "Enable the trace servlet filter.",
	"defaultValue": true
  },
  {
    "name": "info",
    "type": "java.util.Map<java.lang.String,java.lang.Object>",
    "description": "Arbitrary properties to add to the info endpoint."
  },
  {
    "name": "management.cloudfoundry.enabled",
    "type": "java.lang.Boolean",
    "description": "Enable extended Cloud Foundry actuator endpoints.",
    "defaultValue": true
  },
  {
    "name": "management.cloudfoundry.skip-ssl-validation",
    "type": "java.lang.Boolean",
    "description": "Skip SSL verification for Cloud Foundry actuator endpoint security calls.",
    "defaultValue": false
  },
  {
    "name": "management.health.cassandra.enabled",
    "type": "java.lang.Boolean",
    "description": "Enable cassandra health check.",
    "defaultValue": true
  },
  {
    "name": "management.health.couchbase.enabled",
    "type": "java.lang.Boolean",
    "description": "Enable couchbase health check.",
    "defaultValue": true
  },
  {
    "name": "management.health.db.enabled",
    "type": "java.lang.Boolean",
    "description": "Enable database health check.",
    "defaultValue": true
  },
  {
    "name": "management.health.defaults.enabled",
    "type": "java.lang.Boolean",
    "description": "Enable default health indicators.",
    "defaultValue": true
  },
  {
    "name": "management.health.diskspace.enabled",
    "type": "java.lang.Boolean",
    "description": "Enable disk space health check.",
    "defaultValue": true
  },
  {
    "name": "management.health.elasticsearch.enabled",
    "type": "java.lang.Boolean",
    "description": "Enable elasticsearch health check.",
    "defaultValue": true
  },
  {
    "name": "management.health.jms.enabled",
    "type": "java.lang.Boolean",
    "description": "Enable JMS health check.",
    "defaultValue": true
  },
  {
    "name": "management.health.ldap.enabled",
    "type": "java.lang.Boolean",
    "description": "Enable LDAP health check.",
    "defaultValue": true
  },
  {
    "name": "management.health.mongo.enabled",
    "type": "java.lang.Boolean",
    "description": "Enable MongoDB health check.",
    "defaultValue": true
  },
  {
    "name": "management.health.rabbit.enabled",
    "type": "java.lang.Boolean",
    "description": "Enable RabbitMQ health check.",
    "defaultValue": true
  },
  {
    "name": "management.health.redis.enabled",
    "type": "java.lang.Boolean",
    "description": "Enable Redis health check.",
    "defaultValue": true
  },
  {
    "name": "management.health.solr.enabled",
    "type": "java.lang.Boolean",
    "description": "Enable Solr health check.",
    "defaultValue": true
  },
  {
    "name": "management.health.mail.enabled",
    "type": "java.lang.Boolean",
    "description": "Enable Mail health check.",
    "defaultValue": true
  },
  {
    "name": "management.info.build.enabled",
    "type": "java.lang.Boolean",
    "description": "Enable build info.",
    "defaultValue": true
  },
  {
    "name": "management.info.defaults.enabled",
    "type": "java.lang.Boolean",
    "description": "Enable default info contributors.",
    "defaultValue": true
  },
  {
    "name": "management.info.env.enabled",
    "type": "java.lang.Boolean",
    "description": "Enable environment info.",
    "defaultValue": true
  },
  {
    "name": "management.info.git.enabled",
    "type": "java.lang.Boolean",
    "description": "Enable git info.",
    "defaultValue": true
  },
  {
    "name": "management.info.git.mode",
    "defaultValue": "simple"
  },
  {
    "name": "management.security.sessions",
    "defaultValue": "stateless"
  },
  {
    "name": "spring.git.properties",
    "type": "java.lang.String",
    "description": "Resource reference to a generated git info properties file.",
    "deprecation": {
      "replacement": "spring.info.git.location"
    }
  }
],"hints": [
  {
    "name": "endpoints.cors.allowed-headers",
    "values": [
      {
        "value": "*"
      }
    ],
    "providers": [
      {
        "name": "any"
      }
    ]
  },
  {
    "name": "endpoints.cors.allowed-methods",
    "values": [
      {
        "value": "*"
      }
    ],
    "providers": [
      {
        "name": "any"
      }
    ]
  },
  {
    "name": "endpoints.cors.allowed-origins",
    "values": [
      {
        "value": "*"
      }
    ],
    "providers": [
      {
        "name": "any"
      }
    ]
  },
  {
    "name": "management.health.status.order",
    "values": [
      {
        "value": "UNKNOWN"
      },
      {
        "value": "UP"
      },
      {
        "value": "DOWN"
      },
      {
        "value": "OUT_OF_SERVICE"
      }
    ],
    "providers": [
      {
        "name": "any"
      }
    ]
  }
]}

